0.214088, 1
0.214088, 6.35395e-08
0.214212, 5.13063e-08
0.214338, 1.77443e-08
0.214467, 1.17478e-08
0.214599, 9.03962e-09
0.214734, 1.72126e-08
0.214871, 3.95064e-08
0.215012, 7.71234e-08
0.215155, 9.58287e-08
0.215301, 6.21603e-08
0.215451, 5.81118e-08
0.215603, 2.98934e-08
0.215758, 2.47497e-08
0.215916, 2.59284e-08
0.216077, 3.1519e-08
0.21624, 3.31757e-08
0.216407, 6.88761e-08
0.216577, 4.33036e-08
0.21675, 3.90107e-08
0.216925, 4.6024e-08
0.217104, 5.49813e-08
0.217285, 6.56018e-08
0.21747, 9.80488e-08
0.217658, 3.85832e-08
0.217848, 1.52546e-08
0.218042, 3.00979e-08
0.218238, 1.53264e-08
0.218438, 1.17867e-08
0.218641, 1.0999e-08
0.218846, 2.34759e-08
0.219055, 4.75232e-08
0.219267, 6.97603e-08
0.219481, 8.07258e-08
0.219699, 8.10571e-08
0.21992, 8.0154e-08
0.220144, 7.8714e-08
0.220371, 8.68636e-08
0.220601, 8.94824e-08
0.220835, 6.90456e-08
0.221071, 6.84253e-08
0.22131, 6.54169e-08
0.221553, 5.11658e-08
0.221798, 2.1698e-08
0.222047, 4.60526e-08
0.222299, 2.4243e-08
0.222554, 5.79824e-08
0.222812, 5.83137e-08
0.223073, 4.2507e-08
0.223338, 3.93871e-08
0.223605, 2.72742e-08
0.223876, 2.34715e-08
0.224149, 2.23698e-08
0.224426, 3.03144e-08
0.224706, 3.30985e-08
0.224989, 5.19398e-08
0.225276, 7.28186e-08
0.225565, 8.92823e-08
0.225858, 6.59766e-08
0.226154, 4.31644e-08
0.226453, 4.68092e-08
0.226755, 2.16083e-08
0.22706, 2.13105e-08
0.227369, 2.82173e-08
0.227681, 5.10376e-08
0.227995, 3.42744e-08
0.228313, 4.96082e-08
0.228635, 8.50287e-08
0.228959, 1.20841e-07
0.229287, 8.9346e-08
0.229618, 8.04941e-08
0.229952, 6.36098e-08
0.230289, 5.40314e-08
0.23063, 4.83563e-08
0.230973, 4.86201e-08
0.23132, 5.92758e-08
0.23167, 6.55111e-08
0.232024, 5.61096e-08
0.23238, 4.88418e-08
0.23274, 2.17752e-08
0.233103, 1.74037e-08
0.233469, 1.79431e-08
0.233838, 2.755e-08
0.234211, 4.24029e-08
0.234587, 6.043e-08
0.234966, 9.09296e-08
0.235348, 6.79095e-08
0.235734, 6.9949e-08
0.236122, 5.5258e-08
0.236514, 9.89301e-08
0.236909, 1.04565e-07
0.237308, 9.36047e-08
0.237709, 5.04368e-08
0.238114, 4.73039e-08
0.238522, 7.01616e-08
0.238934, 8.235e-08
0.239348, 4.73292e-08
0.239766, 3.71854e-08
0.240187, 3.69375e-08
0.240611, 4.11946e-08
0.241039, 7.24639e-08
0.241469, 6.14293e-08
0.241903, 4.91094e-08
0.24234, 2.03482e-08
0.242781, 3.02862e-08
0.243224, 2.37665e-08
0.243671, 3.45444e-08
0.244121, 6.57888e-08
0.244574, 8.37574e-08
0.245031, 1.29537e-07
0.245491, 1.12594e-07
0.245954, 1.11435e-07
0.24642, 7.14377e-08
0.246889, 1.10112e-07
0.247362, 8.54161e-08
0.247838, 4.21593e-08
0.248317, 7.05635e-08
0.248799, 7.25292e-08
0.249285, 2.65923e-08
0.249773, 2.19793e-08
0.250265, 2.00085e-08
0.25076, 2.29137e-08
0.251259, 5.04323e-08
0.25176, 5.4402e-08
0.252265, 3.9928e-08
0.252773, 3.13652e-08
0.253284, 2.69369e-08
0.253799, 3.77924e-08
0.254316, 5.62147e-08
0.254837, 1.11923e-07
0.255361, 8.31264e-08
0.255888, 7.18925e-08
0.256418, 6.676e-08
0.256952, 8.0614e-08
0.257489, 3.67176e-08
0.258029, 6.9824e-08
0.258572, 3.13219e-08
0.259118, 5.0265e-08
0.259668, 6.1886e-08
0.260221, 7.15319e-08
0.260776, 7.09352e-08
0.261336, 6.62969e-08
0.261898, 6.47314e-08
0.262463, 9.94322e-08
0.263032, 9.72132e-08
0.263604, 9.31666e-08
0.264178, 4.55864e-08
0.264757, 2.02944e-08
0.265338, 2.50982e-08
0.265922, 2.81058e-08
0.26651, 8.67628e-08
0.267101, 1.8585e-07
0.267694, 1.28242e-07
0.268291, 1.00301e-07
0.268892, 3.26999e-08
0.269495, 2.69369e-08
0.270101, 3.79184e-08
0.270711, 2.55371e-08
0.271324, 7.25267e-08
0.27194, 7.83039e-08
0.272559, 9.6324e-08
0.273181, 9.66921e-08
0.273806, 1.12367e-07
0.274434, 7.57207e-08
0.275066, 5.64362e-08
0.275701, 4.88969e-08
0.276338, 2.85655e-08
0.276979, 2.26113e-08
0.277623, 1.61673e-08
0.27827, 1.45668e-08
0.278921, 5.2571e-08
0.279574, 8.62457e-08
0.28023, 1.20901e-07
0.28089, 2.19218e-07
0.281552, 2.11344e-07
0.282218, 1.21951e-07
0.282887, 7.98116e-08
0.283559, 2.01981e-08
0.284234, 1.706e-08
0.284912, 2.53464e-08
0.285593, 3.85152e-08
0.286277, 7.63327e-08
0.286964, 1.24663e-07
0.287655, 1.8268e-07
0.288348, 1.16946e-07
0.289044, 1.2285e-07
0.289744, 8.17363e-08
0.290446, 1.11975e-07
0.291152, 4.69125e-08
0.291861, 1.57065e-08
0.292572, 1.35613e-08
0.293287, 1.88155e-08
0.294005, 5.21461e-08
0.294726, 1.31598e-07
0.29545, 1.93454e-07
0.296177, 9.91632e-08
0.296907, 1.21337e-07
0.29764, 5.78233e-08
0.298376, 4.29352e-08
0.299115, 3.23997e-08
0.299857, 1.3462e-08
0.300602, 2.57705e-08
0.30135, 4.64913e-08
0.302101, 1.01703e-07
0.302855, 1.28269e-07
0.303613, 1.32011e-07
0.304373, 1.34249e-07
0.305136, 1.34243e-07
0.305902, 9.8887e-08
0.306671, 8.70784e-08
0.307443, 6.72944e-08
0.308218, 5.6044e-08
0.308996, 7.4808e-08
0.309778, 4.96843e-08
0.310562, 3.75221e-08
0.311349, 5.15179e-08
0.312139, 7.74417e-08
0.312932, 1.03517e-07
0.313728, 7.82869e-08
0.314527, 2.60744e-08
0.315329, 2.69348e-08
0.316134, 1.94938e-08
0.316941, 1.46076e-08
0.317752, 8.32462e-08
0.318566, 1.20627e-07
0.319383, 1.52291e-07
0.320202, 1.65474e-07
0.321025, 1.46234e-07
0.321851, 1.41972e-07
0.322679, 1.3104e-07
0.323511, 1.08801e-07
0.324345, 4.80293e-08
0.325182, 2.31608e-08
0.326023, 1.88624e-08
0.326866, 2.87889e-08
0.327712, 4.42108e-08
0.328561, 8.85185e-08
0.329413, 1.42904e-07
0.330268, 1.72711e-07
0.331126, 1.08243e-07
0.331986, 1.21238e-07
0.33285, 5.27551e-08
0.333717, 4.62761e-08
0.334586, 4.363e-08
0.335459, 4.26001e-08
0.336334, 4.5298e-08
0.337212, 3.6668e-08
0.338093, 4.72919e-08
0.338977, 8.50705e-08
0.339864, 5.14174e-08
0.340754, 6.94964e-08
0.341647, 7.70029e-08
0.342542, 4.00549e-08
0.343441, 3.13615e-08
0.344342, 4.59592e-08
0.345246, 3.72759e-08
0.346154, 7.28936e-08
0.347064, 9.35856e-08
0.347976, 1.49278e-07
0.348892, 1.84604e-07
0.349811, 1.01425e-07
0.350732, 6.29003e-08
0.351657, 4.31453e-08
0.352584, 3.83368e-08
0.353514, 2.6715e-08
0.354447, 3.59136e-08
0.355383, 1.11163e-07
0.356322, 2.07331e-07
0.357264, 2.34659e-07
0.358208, 2.83536e-07
0.359155, 1.84472e-07
0.360106, 1.27678e-07
0.361059, 8.7123e-08
0.362015, 6.37636e-08
0.362973, 5.75217e-08
0.363935, 4.93635e-08
0.364899, 4.83305e-08
0.365867, 4.86698e-08
0.366837, 1.05902e-07
0.36781, 7.97728e-08
0.368786, 7.78285e-08
0.369764, 5.82784e-08
0.370746, 4.09624e-08
0.37173, 4.20769e-08
0.372717, 4.73943e-08
0.373707, 6.11424e-08
0.3747, 8.05535e-08
0.375696, 7.51491e-08
0.376695, 6.21964e-08
0.377696, 1.00714e-07
0.3787, 5.96975e-08
0.379707, 1.12322e-07
0.380717, 1.15235e-07
0.38173, 2.20727e-07
0.382745, 1.30221e-07
0.383764, 1.45819e-07
0.384785, 1.44747e-07
0.385809, 5.50256e-08
0.386836, 1.72e-07
0.387865, 1.9739e-07
0.388898, 1.68669e-07
0.389933, 1.76351e-07
0.390971, 2.48906e-07
0.392012, 1.22381e-07
0.393056, 8.268e-08
0.394102, 6.97969e-08
0.395151, 5.49969e-08
0.396204, 5.07695e-08
0.397259, 5.33096e-08
0.398316, 7.85374e-08
0.399377, 9.23326e-08
0.40044, 1.29064e-07
0.401507, 1.12491e-07
0.402576, 1.06937e-07
0.403647, 6.43982e-08
0.404722, 1.65219e-07
0.4058, 1.73226e-07
0.40688, 6.20735e-08
0.407963, 6.0825e-08
0.409049, 8.93823e-08
0.410138, 7.14088e-08
0.411229, 5.8189e-08
0.412323, 5.57599e-08
0.41342, 6.72031e-08
0.41452, 1.25757e-07
0.415623, 7.87532e-08
0.416729, 1.80846e-07
0.417837, 6.5059e-08
0.418948, 6.92036e-08
0.420062, 9.30753e-08
0.421179, 1.53947e-07
0.422298, 2.2269e-07
0.42342, 2.79112e-07
0.424546, 3.00672e-07
0.425674, 2.795e-07
0.426804, 2.44429e-07
0.427938, 1.86735e-07
0.429074, 1.24414e-07
0.430213, 8.10871e-08
0.431355, 3.95843e-08
0.4325, 4.14911e-08
0.433648, 1.32021e-07
0.434798, 1.67107e-07
0.435951, 1.62434e-07
0.437107, 1.51027e-07
0.438266, 2.10811e-07
0.439427, 6.91019e-08
0.440592, 5.1885e-08
0.441759, 4.524e-08
0.442929, 6.46372e-08
0.444101, 2.65662e-07
0.445277, 3.08705e-07
0.446455, 2.17304e-07
0.447637, 2.42763e-07
0.448821, 2.46902e-07
0.450007, 2.38372e-07
0.451197, 1.02208e-07
0.452389, 8.00312e-08
0.453584, 8.17716e-08
0.454782, 1.21719e-07
0.455983, 1.32108e-07
0.457187, 1.57491e-07
0.458393, 1.97165e-07
0.459602, 2.17019e-07
0.460815, 2.52351e-07
0.462029, 2.37679e-07
0.463247, 1.77229e-07
0.464467, 1.27972e-07
0.465691, 7.42555e-08
0.466917, 1.69664e-07
0.468146, 1.41047e-07
0.469377, 1.37137e-07
0.470612, 1.15483e-07
0.471849, 1.64957e-07
0.473089, 1.49931e-07
0.474332, 2.81203e-07
0.475578, 2.86746e-07
0.476827, 3.68188e-07
0.478078, 2.23911e-07
0.479332, 2.59613e-07
0.480589, 2.12823e-07
0.481849, 1.16692e-07
0.483112, 7.16812e-08
0.484377, 5.61587e-08
0.485646, 9.77888e-08
0.486917, 2.796e-07
0.488191, 1.36339e-07
0.489468, 1.79276e-07
0.490747, 4.9893e-07
0.49203, 4.4783e-07
0.493315, 2.69128e-07
0.494603, 1.5616e-07
0.495894, 6.34882e-08
0.497188, 8.45732e-08
0.498484, 5.56872e-08
0.499784, 6.17948e-08
0.501086, 5.32871e-08
0.502391, 6.45209e-08
0.503699, 9.27988e-08
0.50501, 3.48916e-07
0.506324, 5.91778e-07
0.50764, 5.5553e-07
0.508959, 3.94844e-07
0.510281, 6.52024e-08
0.511606, 3.50651e-08
0.512934, 5.27472e-08
0.514265, 9.31239e-08
0.515599, 1.3965e-07
0.516935, 2.23839e-07
0.518274, 4.70291e-07
0.519616, 5.03193e-07
0.520961, 1.14877e-07
0.522309, 8.74297e-08
0.52366, 5.46722e-08
0.52366, 1
0.572748, 1
0.572748, 3.79759e-07
0.574202, 3.08863e-07
0.57566, 4.65911e-07
0.577121, 7.90481e-07
0.578584, 7.22381e-07
0.580051, 2.65637e-07
0.58152, 2.33252e-07
0.582993, 1.35843e-07
0.584468, 1.31515e-07
0.585946, 9.71369e-08
0.587427, 1.40829e-07
0.588911, 3.01988e-07
0.590398, 2.21027e-07
0.591888, 5.23176e-07
0.593381, 3.7854e-07
0.594877, 6.46643e-07
0.596376, 8.11598e-07
0.597878, 7.31138e-07
0.599383, 5.37559e-07
0.600891, 8.13969e-08
0.602402, 5.44831e-08
0.603915, 7.89023e-08
0.605432, 9.80685e-08
0.606952, 3.06553e-07
0.608474, 4.04062e-07
0.61, 6.035e-07
0.611529, 8.57064e-07
0.61306, 1.50724e-06
0.614595, 9.06888e-07
0.616133, 4.48382e-07
0.617673, 2.24763e-07
0.619217, 5.94109e-08
0.620763, 3.91256e-08
0.622313, 4.66227e-08
0.623866, 1.58712e-07
0.625421, 5.01777e-07
0.62698, 1.01803e-06
0.628542, 1.11223e-06
0.630106, 1.36225e-06
0.631674, 4.05706e-07
0.633245, 1.93573e-07
0.634818, 1.39883e-07
0.636395, 1.09106e-07
0.637975, 2.72339e-07
0.639558, 4.11191e-07
0.641144, 4.91407e-07
0.642732, 5.92884e-07
0.644324, 6.38447e-07
0.645919, 1.70014e-07
0.647517, 2.79505e-07
0.649119, 1.95134e-07
0.650723, 2.39625e-07
0.65233, 9.93167e-07
0.65394, 6.47727e-07
0.655553, 3.76061e-07
0.65717, 4.65677e-07
0.658789, 3.55497e-07
0.660412, 2.61007e-07
0.662037, 1.71525e-07
0.663666, 2.09401e-07
0.665298, 3.86481e-07
0.666933, 2.12916e-07
0.668571, 2.63856e-07
0.670212, 3.88936e-07
0.671856, 6.19305e-07
0.673503, 6.8237e-07
0.675153, 6.58406e-07
0.676807, 3.77982e-07
0.678463, 7.06595e-07
0.680123, 2.26568e-07
0.681786, 6.55321e-07
0.683452, 3.72584e-07
0.685121, 8.28838e-07
0.686793, 7.1767e-07
0.688468, 5.48426e-07
0.690146, 2.36282e-07
0.691828, 1.45003e-07
0.693513, 1.92544e-07
0.6952, 1.65296e-07
0.696891, 2.35359e-07
0.698585, 2.32928e-07
0.700283, 2.10611e-07
0.701983, 1.76864e-07
0.703686, 2.59866e-07
0.705393, 3.64679e-07
0.707103, 3.54511e-07
0.708816, 5.26303e-07
0.710532, 2.58816e-07
0.712252, 3.62232e-07
0.713974, 7.02707e-07
0.7157, 6.5442e-07
0.717429, 9.2865e-07
0.719161, 3.65251e-07
0.720896, 9.5277e-07
0.722635, 5.35107e-07
0.724376, 2.92839e-07
0.726121, 2.27829e-07
0.727869, 2.60912e-07
0.729621, 3.97097e-07
0.731375, 3.04913e-07
0.733133, 8.09416e-07
0.734894, 1.62184e-06
0.736658, 1.60171e-06
0.738425, 1.38916e-06
0.740196, 1.25579e-06
0.827518, 1
0.827518, 2.93006e-07
0.829449, 1.69797e-06
0.831384, 1.34198e-06
0.833322, 1.06762e-06
0.835263, 5.53229e-07
0.837208, 2.37356e-07
0.839156, 2.13344e-07
0.841108, 2.49113e-07
0.843063, 1.89109e-07
0.845022, 2.32744e-07
0.846984, 1.21197e-06
0.848949, 1.51401e-06
0.850918, 1.56031e-06
0.852891, 1.02481e-06
0.854867, 5.39793e-07
0.856846, 5.98009e-07
0.858829, 8.45515e-07
0.860816, 6.61246e-07
0.862806, 7.35196e-07
0.864799, 4.07291e-07
0.866796, 9.54341e-07
0.868797, 1.00315e-06
0.870801, 1.31642e-06
0.872808, 9.37963e-07
0.874819, 5.40462e-07
0.876834, 7.88608e-07
0.878852, 2.63429e-07
0.880874, 8.18849e-07
0.882899, 4.06512e-07
0.884928, 4.09095e-07
0.88696, 4.51927e-07
0.888996, 7.91873e-07
0.891036, 6.68216e-07
0.893079, 8.55639e-07
0.895125, 9.70806e-07
0.897176, 3.91552e-07
0.899229, 4.37018e-07
0.901287, 7.34716e-07
0.903348, 2.55741e-07
0.905412, 1.06317e-06
0.90748, 1.77747e-06
0.909552, 2.52857e-06
0.911628, 1.18784e-06
0.913707, 9.03408e-07
0.915789, 2.84084e-07
0.917876, 1.60475e-07
0.919966, 1.2694e-06
0.922059, 2.46327e-06
0.924156, 3.00625e-06
0.926257, 1.34328e-06
0.928362, 1.4479e-06
0.93047, 2.55903e-07
0.932582, 1.12504e-07
0.934697, 1.2468e-06
0.936816, 1.16017e-06
0.938939, 1.7386e-07
0.941066, 1.21245e-06
0.943196, 3.38436e-06
0.94533, 4.50119e-06
0.947468, 3.80835e-06
0.949609, 2.82287e-06
0.951754, 9.83947e-07
0.953903, 3.72788e-07
0.956055, 2.25467e-06
0.958211, 2.69359e-06
0.958211, 1
1.16242, 1
1.16242, 6.79698e-07
1.16493, 7.17414e-07
1.16744, 8.34643e-07
1.16996, 7.42948e-07
1.17248, 7.00353e-07
1.17501, 8.85893e-07
1.17754, 1.24591e-06
1.18007, 1.07832e-06
1.18261, 7.50022e-07
1.18515, 3.49519e-07
1.1877, 3.5795e-07
1.19025, 9.59415e-07
1.19281, 1.02713e-06
1.19536, 1.2384e-06
1.19793, 1.27284e-06
1.2005, 1.16623e-06
1.20307, 8.53335e-07
1.20565, 5.58439e-07
1.20823, 3.99999e-07
1.21081, 3.89927e-07
1.2134, 7.11308e-07
1.216, 3.94997e-07
1.2186, 3.5605e-07
1.2212, 3.90414e-07
1.22381, 6.53829e-07
1.22642, 9.1043e-07
1.22903, 7.2592e-07
1.23165, 1.02023e-06
1.23428, 5.46981e-07
1.23691, 1.3235e-06
1.23954, 1.07834e-06
1.24218, 1.14701e-06
1.24482, 1.30182e-06
1.24747, 1.39062e-06
1.25012, 1.49732e-06
1.25278, 1.58023e-06
1.25544, 1.52526e-06
1.2581, 1.42753e-06
1.26077, 1.43934e-06
1.26345, 6.99565e-07
1.26612, 5.10252e-07
1.26881, 3.95351e-07
1.27149, 3.03775e-07
1.27419, 2.30468e-07
1.27688, 4.00092e-07
1.27958, 7.57433e-07
1.28229, 1.10059e-06
1.285, 1.45745e-06
1.28771, 1.80944e-06
1.29043, 1.52071e-06
1.29316, 1.24999e-06
1.29588, 6.49549e-07
1.29862, 3.07158e-07
1.30135, 3.97981e-07
1.30409, 1.63085e-06
1.30684, 1.45156e-06
1.30959, 1.2024e-06
1.31235, 1.08611e-06
1.31511, 1.39906e-06
1.31787, 4.24043e-07
1.32064, 4.05644e-07
1.32341, 3.57614e-07
1.32619, 2.30086e-07
1.32898, 3.01944e-07
1.33176, 4.04624e-07
1.33456, 4.33948e-07
1.33735, 5.52547e-07
1.34016, 6.49896e-07
1.34296, 8.45143e-07
1.34577, 6.10586e-07
1.34859, 1.35369e-06
1.35141, 2.1243e-06
1.35424, 9.82639e-07
1.35707, 8.20458e-07
1.3599, 8.39652e-07
1.36274, 1.43807e-06
1.36558, 9.53052e-07
1.36843, 8.8607e-07
1.37129, 1.87907e-06
1.37414, 1.48981e-06
1.37701, 2.3905e-06
1.37987, 2.4789e-06
1.38275, 3.79372e-07
1.38562, 4.18186e-07
1.38851, 4.38023e-07
1.39139, 7.29058e-07
1.39429, 9.36138e-07
1.39718, 1.71658e-06
1.40008, 2.13986e-06
1.40299, 2.54546e-06
1.4059, 2.56708e-06
1.40882, 2.60952e-06
1.41174, 1.06177e-06
1.41466, 6.71695e-07
1.41759, 7.439e-07
1.42053, 4.6568e-07
1.42347, 1.33947e-06
1.42641, 5.77621e-07
1.42936, 1.06458e-06
1.43232, 1.02529e-06
1.43528, 1.31351e-06
1.43824, 1.24148e-06
1.44121, 9.69907e-07
1.44419, 1.04257e-06
1.44717, 8.43968e-07
1.45015, 1.0017e-06
1.45314, 1.68782e-06
1.45614, 1.90562e-06
1.45914, 2.72878e-06
1.46214, 3.37778e-06
1.46515, 3.04746e-06
1.46816, 3.376e-06
1.47118, 1.69313e-06
1.47421, 1.37269e-06
1.47724, 1.86202e-06
1.48027, 1.44828e-06
1.48331, 1.95994e-06
1.48635, 1.77286e-06
1.4894, 9.6399e-07
1.49246, 1.20803e-06
1.49552, 1.40001e-06
1.49858, 2.37395e-06
1.50165, 2.46931e-06
1.50473, 2.29465e-06
1.50781, 2.15192e-06
1.51089, 2.56273e-06
1.51398, 2.13579e-06
1.51708, 1.30924e-06
1.52018, 7.27272e-07
1.52328, 6.61313e-07
1.52639, 6.97152e-07
1.52951, 7.15345e-07
1.53263, 8.97117e-07
1.53576, 8.66399e-07
1.53889, 1.31846e-06
1.54202, 2.69333e-06
1.54517, 3.29674e-06
1.54831, 2.2476e-06
1.55146, 2.40877e-06
1.55462, 1.32834e-06
1.55778, 1.40347e-06
1.56095, 2.14698e-06
1.56412, 1.99614e-06
1.5673, 1.88627e-06
1.57049, 1.35291e-06
1.57367, 1.06753e-06
1.57687, 7.56772e-07
1.58007, 6.4025e-07
1.58327, 7.74534e-07
1.58648, 2.23226e-06
1.5897, 7.67902e-07
1.59292, 1.13656e-06
1.59614, 2.76792e-06
1.59937, 3.04468e-06
1.60261, 3.64799e-06
1.60585, 2.01801e-06
1.6091, 1.55043e-06
1.61235, 1.62258e-06
1.61561, 1.73104e-06
1.61887, 1.9434e-06
1.62214, 2.38124e-06
1.62541, 1.08525e-06
1.62869, 1.93689e-06
1.63198, 1.84566e-06
1.63527, 2.26954e-06
1.63856, 1.60356e-06
1.64186, 1.37812e-06
1.64517, 1.17823e-06
1.64848, 1.10286e-06
1.6518, 9.01447e-07
1.65512, 8.46119e-07
1.65845, 1.23254e-06
1.66178, 1.81995e-06
1.66512, 1.1177e-06
1.66847, 5.41167e-06
1.67182, 2.90646e-06
1.67517, 4.39464e-06
1.67854, 3.67816e-06
1.6819, 2.12055e-06
1.68527, 2.58237e-06
1.68865, 1.93482e-06
1.69204, 1.04587e-06
1.69542, 6.92856e-07
1.69882, 2.17888e-06
1.70222, 1.59315e-06
1.70563, 1.16945e-06
1.70904, 1.04004e-06
1.71245, 8.1912e-07
1.71588, 1.51811e-06
1.7193, 1.98999e-06
1.72274, 1.42331e-06
1.72618, 1.77065e-06
1.72962, 2.91526e-06
1.73307, 3.08084e-06
1.73653, 4.2244e-06
1.73999, 4.07017e-06
1.74346, 6.81047e-07
1.74693, 3.91758e-07
1.75041, 3.37417e-07
1.7539, 4.23056e-07
1.75739, 3.95116e-06
1.76089, 4.32876e-06
1.76439, 4.42925e-06
1.7679, 4.81857e-06
1.77141, 3.37344e-06
1.77493, 2.36526e-06
1.77845, 9.2054e-07
1.78199, 6.25389e-07
1.78552, 7.2149e-07
1.78907, 7.63388e-07
1.79261, 9.49749e-07
1.79617, 1.8988e-06
1.79973, 1.45436e-06
1.80329, 1.57514e-06
1.80687, 1.7108e-06
1.81044, 1.02654e-06
1.81403, 6.71784e-07
1.81762, 5.54347e-07
1.82121, 7.96764e-07
1.82481, 1.64236e-06
1.82842, 2.9966e-06
1.83203, 3.05983e-06
1.83565, 2.11269e-06
1.83928, 1.6069e-06
1.84291, 9.13128e-07
1.84655, 9.47011e-07
1.85019, 1.51068e-06
1.85384, 2.07525e-06
1.85749, 2.28983e-06
1.86115, 1.41692e-06
1.86482, 1.18555e-06
1.86849, 1.5597e-06
1.87217, 1.69849e-06
1.87586, 1.54503e-06
1.87955, 1.69812e-06
1.88325, 1.31432e-06
1.88695, 1.13188e-06
1.89066, 7.85657e-07
1.89437, 1.09453e-06
1.89809, 6.55286e-07
1.90182, 2.28742e-06
1.90556, 2.82267e-06
1.9093, 2.77213e-06
1.91304, 3.11052e-06
1.91679, 2.58655e-06
1.92055, 2.8378e-06
1.92432, 2.92316e-06
1.92809, 2.67544e-06
1.93186, 2.63838e-06
1.93565, 2.27176e-06
1.93943, 2.61952e-06
1.94323, 1.3908e-06
1.94703, 1.17857e-06
1.95084, 1.56068e-06
1.95465, 1.73892e-06
1.95847, 1.7943e-06
1.9623, 1.93583e-06
1.96613, 2.47422e-06
1.96997, 1.70199e-06
1.97382, 1.64766e-06
1.97767, 2.11676e-06
1.98152, 1.72984e-06
1.98539, 1.34184e-06
1.98926, 7.32383e-07
1.99314, 1.86796e-06
1.99702, 1.00888e-06
2.00091, 1.77712e-06
2.0048, 1.70468e-06
2.00871, 1.49282e-06
2.01261, 9.20592e-07
2.01653, 9.39647e-07
2.02045, 1.51538e-06
2.02438, 3.08281e-06
2.02831, 1.45517e-06
2.03225, 2.5598e-06
2.0362, 2.35915e-06
2.04015, 1.90252e-06
2.04411, 1.05347e-06
2.04808, 8.50682e-07
2.05205, 1.49412e-06
2.05603, 1.81953e-06
2.06002, 2.30826e-06
2.06401, 2.48159e-06
2.06801, 1.60873e-06
2.07202, 2.0158e-06
2.07603, 1.1588e-06
2.08005, 1.11031e-06
2.08407, 1.58416e-06
2.0881, 1.02555e-06
2.09214, 2.57326e-06
2.09619, 6.39707e-07
2.10024, 1.15576e-06
2.1043, 1.16076e-06
2.10836, 9.55351e-07
2.11243, 2.20091e-06
2.11651, 1.47629e-06
2.1206, 3.32438e-06
2.12469, 3.59952e-06
2.12879, 3.46047e-06
2.13289, 3.01383e-06
2.137, 1.39557e-06
2.14112, 1.59273e-06
2.14525, 1.48466e-06
2.14938, 1.92444e-06
2.15352, 2.73446e-06
2.15766, 4.53517e-06
2.16181, 2.22241e-06
2.16597, 6.43276e-07
2.17014, 6.95983e-07
2.17431, 6.68768e-07
2.17849, 9.51301e-07
2.18268, 1.29146e-06
2.18687, 3.06387e-06
2.19107, 3.94241e-06
2.19527, 4.2222e-06
2.19949, 3.96862e-06
2.20371, 3.46691e-06
2.20794, 2.89031e-06
2.21217, 8.87495e-07
2.21641, 1.44251e-06
2.22066, 1.45129e-06
2.22491, 1.08223e-06
2.22918, 1.11229e-06
2.23344, 1.21558e-06
2.23772, 1.33941e-06
2.242, 1.40719e-06
2.24629, 1.10003e-06
2.25059, 1.03044e-06
2.25489, 2.20283e-06
2.2592, 2.43394e-06
2.26352, 2.71153e-06
2.26785, 2.30047e-06
2.27218, 2.21887e-06
2.27652, 3.3253e-06
2.28086, 1.57252e-06
2.28522, 1.33105e-06
2.28958, 3.23797e-06
2.29394, 2.75815e-06
2.29832, 2.55609e-06
2.3027, 2.05255e-06
2.30709, 1.1066e-06
2.31148, 8.58308e-07
2.31589, 9.35826e-07
2.3203, 8.30184e-07
2.32471, 9.37048e-07
2.32914, 8.08402e-07
2.33357, 1.01292e-06
2.33801, 2.87742e-06
2.34246, 1.45654e-06
2.34691, 2.33904e-06
2.35137, 2.19317e-06
2.35584, 1.07477e-06
2.36031, 6.83056e-07
2.3648, 2.27457e-06
2.36929, 1.3198e-06
2.37378, 2.17865e-06
2.37829, 2.72803e-06
2.3828, 2.91794e-06
2.38732, 2.85076e-06
2.39185, 2.65741e-06
2.39638, 2.66768e-06
2.40092, 1.70786e-06
2.40547, 2.56108e-06
2.41003, 4.64921e-06
2.41459, 1.96498e-06
2.41916, 1.57868e-06
2.42374, 9.84768e-07
2.42833, 9.84673e-07
2.43292, 1.63141e-06
2.43752, 1.11192e-06
2.44213, 3.63845e-06
2.44674, 5.32457e-06
2.45137, 2.41815e-06
2.456, 1.92196e-06
2.46064, 1.38976e-06
2.46528, 2.23441e-06
2.46994, 1.061e-06
2.4746, 1.54202e-06
2.47927, 1.83458e-06
2.48394, 2.21221e-06
2.48863, 1.70808e-06
2.49332, 1.88327e-06
2.49802, 1.70748e-06
2.50273, 2.04668e-06
2.50744, 2.04073e-06
2.51216, 3.49257e-06
2.51689, 3.92912e-06
2.52163, 3.88968e-06
2.52638, 3.65737e-06
2.53113, 2.77189e-06
2.53589, 1.986e-06
2.54066, 2.16463e-06
2.54543, 1.10235e-06
2.55022, 1.48663e-06
2.55501, 9.79918e-07
2.55981, 2.18209e-06
2.56462, 1.59328e-06
2.56943, 1.65292e-06
2.57426, 2.2725e-06
2.57909, 3.2771e-06
2.58393, 3.70503e-06
2.58877, 2.50377e-06
2.59363, 1.02782e-06
2.59849, 1.14076e-06
2.60336, 3.04694e-06
2.60824, 2.32231e-06
2.61312, 3.23855e-06
2.61802, 2.17098e-06
2.62292, 2.9628e-06
2.62783, 8.47997e-07
2.63275, 9.65935e-07
2.63768, 2.95723e-06
2.64261, 1.0671e-06
2.64755, 1.33512e-06
2.6525, 1.35931e-06
2.65746, 2.84996e-06
2.66243, 3.44392e-06
2.6674, 4.5776e-06
2.67238, 4.66132e-06
2.67737, 4.73318e-06
2.68237, 3.31705e-06
2.68738, 3.81464e-06
2.69239, 3.22533e-06
2.69742, 1.67612e-06
2.69742, 1
3.29956, 1
3.29956, 2.02176e-06
3.30686, 2.1892e-06
3.31417, 4.50852e-06
3.32149, 4.63137e-06
3.32883, 4.09988e-06
3.33617, 2.41857e-06
3.34354, 1.82138e-06
3.35091, 1.71855e-06
3.3583, 1.9065e-06
3.3657, 2.97907e-06
3.37312, 2.21625e-06
3.38055, 1.80982e-06
3.38799, 1.62523e-06
3.39544, 2.99868e-06
3.40291, 5.27506e-06
3.41039, 4.73748e-06
3.41789, 4.68342e-06
3.42539, 4.4598e-06
3.43292, 5.21392e-06
3.44045, 2.04647e-06
3.448, 1.15899e-06
3.45556, 8.80458e-07
3.46314, 8.39828e-07
3.47073, 3.85598e-06
3.47833, 4.23685e-06
3.48595, 3.83031e-06
3.49358, 4.8326e-06
3.50122, 5.38146e-06
3.50888, 5.60172e-06
3.51655, 5.0515e-06
3.52424, 4.42332e-06
3.53194, 6.70453e-06
3.53194, 1
3.9345, 1
3.9345, 7.11144e-06
3.94295, 3.32938e-06
3.95141, 2.75767e-06
3.95989, 2.33017e-06
3.96839, 4.31465e-06
3.9769, 2.62725e-06
3.98543, 1.63125e-06
3.99397, 1.83073e-06
4.00253, 2.67285e-06
4.01111, 8.55912e-06
4.0197, 5.36815e-06
4.0283, 6.31469e-06
4.03693, 9.55809e-06
4.04557, 1.21956e-05
4.05422, 8.29619e-06
4.06289, 6.16268e-06
4.07158, 6.9268e-06
4.08029, 4.41866e-06
4.08901, 3.54529e-06
4.09774, 3.38841e-06
4.10649, 3.34653e-06
4.11526, 5.90176e-06
4.12405, 1.21566e-05
4.13285, 6.98945e-06
4.14167, 1.27571e-06
4.1505, 9.66669e-07
4.15935, 9.59806e-07
4.16822, 9.76664e-07
4.17711, 1.034e-06
4.18601, 3.69266e-06
4.19493, 5.83089e-06
4.20386, 4.18558e-06
4.21281, 4.22234e-06
4.22178, 4.32273e-06
4.23076, 3.14111e-06
4.23976, 2.94225e-06
4.24878, 5.9686e-06
4.25782, 2.74106e-06
4.26687, 3.36763e-06
4.27594, 2.8827e-06
4.28503, 3.00142e-06
4.29413, 3.21827e-06
4.30325, 3.56225e-06
4.31239, 4.51277e-06
4.32155, 5.73152e-06
4.33072, 4.81412e-06
4.33991, 4.49404e-06
4.34911, 1.49385e-06
4.35834, 1.06258e-06
4.36758, 1.43185e-06
4.37684, 2.98645e-06
4.38612, 2.71552e-06
4.39541, 2.51934e-06
4.40472, 4.87669e-06
4.41405, 5.732e-06
4.4234, 5.64662e-06
4.43277, 6.12435e-06
4.44215, 6.00711e-06
4.45155, 7.3525e-06
4.46097, 5.71901e-06
4.47041, 6.2156e-06
4.47986, 2.75256e-06
4.48933, 2.33433e-06
4.49883, 2.02949e-06
4.50833, 4.40078e-06
4.51786, 3.99198e-06
4.52741, 4.85572e-06
4.53697, 3.45219e-06
4.54655, 5.96376e-06
4.55615, 4.52601e-06
4.56577, 5.05399e-06
4.57541, 5.48354e-06
4.58506, 2.59997e-06
4.59473, 1.81974e-06
4.60443, 9.04239e-07
4.61414, 9.09239e-07
4.62387, 1.82805e-06
4.63361, 1.9358e-06
4.64338, 3.18845e-06
4.65316, 3.32401e-06
4.66297, 3.51462e-06
4.67279, 4.02773e-06
4.68263, 4.1771e-06
4.69249, 4.34573e-06
4.70237, 3.10503e-06
4.71227, 1.49449e-06
4.72219, 2.74072e-06
4.73213, 3.07345e-06
4.74208, 4.94582e-06
4.75206, 5.9858e-06
4.76205, 7.45616e-06
4.77207, 7.85795e-06
4.7821, 8.59239e-06
4.79215, 6.04314e-06
4.80222, 1.32457e-06
4.81231, 9.97405e-07
4.82242, 1.06198e-06
4.83256, 1.78703e-06
4.84271, 2.81636e-06
4.85287, 8.16753e-06
4.86306, 6.17283e-06
4.87327, 5.65941e-06
4.8835, 5.43952e-06
4.89375, 3.98129e-06
4.90402, 3.43288e-06
4.91431, 1.782e-06
4.92462, 1.86895e-06
4.93495, 1.71258e-06
4.9453, 1.55687e-06
4.95566, 1.93673e-06
4.96605, 2.64286e-06
4.97646, 2.73644e-06
4.98689, 1.78709e-06
4.99734, 1.74171e-06
5.00781, 1.24671e-06
5.01831, 1.67639e-06
5.02882, 2.43616e-06
5.03935, 2.11069e-06
5.0499, 3.56782e-06
5.06048, 5.25153e-06
5.07107, 4.03802e-06
5.08169, 1.97453e-06
5.09232, 1.36328e-06
5.10298, 3.02355e-06
5.11365, 2.27718e-06
5.12435, 1.95467e-06
5.13507, 2.20517e-06
5.14581, 5.18983e-06
5.15658, 3.66427e-06
5.16736, 4.84785e-06
5.17816, 4.64988e-06
5.18899, 2.51329e-06
5.19983, 3.29067e-06
5.2107, 3.2858e-06
5.22159, 3.60855e-06
5.2325, 4.22412e-06
5.24344, 4.51347e-06
5.25439, 4.75897e-06
5.26537, 4.33507e-06
5.27636, 4.00735e-06
5.28738, 2.48029e-06
5.29843, 3.04717e-06
5.30949, 2.7021e-06
5.32057, 3.43365e-06
5.33168, 2.00195e-06
5.34281, 1.76955e-06
5.35396, 1.91755e-06
5.36513, 2.22428e-06
5.37633, 3.42693e-06
5.38755, 4.07595e-06
5.39879, 3.76517e-06
5.41005, 3.60069e-06
5.42134, 1.11961e-06
5.43264, 1.42712e-06
5.44397, 5.26691e-06
5.45533, 5.23522e-06
5.4667, 4.32644e-06
5.4781, 3.37463e-06
5.48952, 2.19661e-06
5.50096, 1.33933e-06
5.51243, 1.15844e-06
5.52392, 1.61988e-06
5.53543, 1.51989e-06
5.54697, 1.87734e-06
5.55853, 2.50701e-06
5.57011, 2.76706e-06
5.58171, 2.57995e-06
5.59334, 3.26954e-06
5.60499, 3.37119e-06
5.61667, 3.23782e-06
5.62837, 4.64987e-06
5.64009, 4.46547e-06
5.65183, 4.88684e-06
5.6636, 3.65099e-06
5.6754, 5.30794e-06
5.68721, 2.64852e-06
5.69905, 5.43327e-06
5.71092, 2.09888e-06
5.72281, 5.44756e-06
5.73472, 5.63457e-06
5.74666, 5.06337e-06
5.75862, 7.43811e-06
5.7706, 4.59083e-06
5.78261, 4.45201e-06
5.79464, 2.21306e-06
5.8067, 3.36116e-06
5.81878, 3.26445e-06
5.83089, 2.7967e-06
5.84302, 2.70299e-06
5.85518, 3.10654e-06
5.86736, 2.52887e-06
5.87957, 1.99797e-06
5.8918, 1.15644e-06
5.90405, 1.48978e-06
5.91633, 1.59019e-06
5.92864, 1.44128e-06
5.94097, 1.28325e-06
5.95332, 1.13188e-06
5.9657, 1.39609e-06
5.97811, 4.55537e-06
5.99054, 5.25017e-06
6.003, 3.9821e-06
6.01548, 3.25903e-06
6.02799, 2.50347e-06
6.04052, 2.51035e-06
6.05308, 2.69723e-06
6.06567, 1.7965e-06
6.07828, 3.6635e-06
6.09091, 1.33319e-06
6.10358, 1.45163e-06
6.11627, 2.46284e-06
6.12898, 3.61262e-06
6.14172, 7.45456e-06
6.15449, 7.81195e-06
6.16728, 7.39325e-06
6.1801, 3.09656e-06
6.19295, 3.80106e-06
6.20582, 2.99127e-06
6.21872, 1.09458e-06
6.23165, 3.64328e-06
6.2446, 3.27473e-06
6.25758, 1.36639e-06
6.27058, 2.06711e-06
6.28362, 2.35703e-06
6.29668, 4.19048e-06
6.30976, 3.59062e-06
6.32288, 3.62797e-06
6.33602, 2.51735e-06
6.34919, 1.8017e-06
6.36239, 2.56587e-06
6.37561, 2.86348e-06
6.38886, 4.23011e-06
6.40214, 7.61978e-07
6.41544, 7.18376e-07
6.42878, 1.66769e-06
6.44214, 2.39733e-06
6.45553, 3.22742e-06
6.46895, 4.17869e-06
6.48239, 6.92938e-06
6.49587, 7.25758e-06
6.50937, 4.36472e-06
6.5229, 3.63791e-06
6.53646, 1.82076e-06
6.55004, 1.30963e-06
6.56366, 1.00396e-06
6.5773, 1.47148e-06
6.59097, 1.82037e-06
6.60467, 1.21573e-06
6.6184, 5.59223e-06
6.63216, 3.73688e-06
6.64595, 3.78146e-06
6.65977, 1.70354e-06
6.67361, 1.32953e-06
6.68748, 1.03906e-06
6.70139, 1.1056e-06
6.71532, 9.68544e-07
6.72928, 2.81087e-06
6.74328, 3.36163e-06
6.7573, 1.58383e-06
6.77135, 1.58848e-06
6.78543, 1.08761e-06
6.79954, 9.77908e-07
6.81368, 8.7201e-07
6.82785, 2.40665e-06
6.84205, 3.60778e-06
6.85628, 4.385e-06
6.87054, 4.49486e-06
6.88483, 5.21286e-06
6.89915, 5.00286e-06
6.9135, 3.88262e-06
6.92788, 3.08202e-06
6.9423, 1.27337e-06
6.95674, 1.53904e-06
6.97121, 3.26001e-06
6.98572, 4.50816e-06
7.00025, 7.46128e-06
7.01482, 6.23535e-06
7.02942, 1.86004e-06
7.04405, 1.27902e-06
7.05871, 1.28436e-06
7.0734, 7.21689e-07
7.08812, 7.67642e-07
7.10288, 1.87894e-06
7.11766, 5.76552e-06
7.13248, 7.98541e-06
7.14733, 9.43403e-06
7.16221, 4.16182e-06
7.17712, 1.45094e-06
7.19207, 1.5077e-06
7.20705, 5.60099e-07
7.22206, 2.5577e-06
7.2371, 3.23082e-06
7.25217, 5.64292e-06
7.26728, 5.71011e-06
7.28242, 4.19662e-06
7.29759, 3.5074e-06
7.31279, 3.98791e-06
7.32803, 8.77449e-07
7.3433, 3.42969e-06
7.3586, 4.20535e-06
7.37394, 5.12303e-06
7.38931, 4.52568e-06
7.40471, 5.03444e-06
7.42015, 4.29361e-06
7.43562, 2.77868e-06
7.45112, 1.74069e-06
7.46666, 1.28871e-06
7.48223, 8.45564e-07
7.49783, 9.44359e-07
7.51347, 1.037e-06
7.52914, 2.21112e-06
7.54485, 1.24239e-05
7.56059, 2.78247e-06
7.57637, 1.7382e-06
7.59218, 1.18915e-06
7.60802, 7.12143e-07
7.6239, 1.80722e-06
7.63981, 2.49564e-06
7.65576, 5.2651e-06
7.67174, 5.91698e-06
7.68776, 5.10829e-06
7.70381, 4.50421e-06
7.7199, 3.31712e-06
7.73602, 9.25413e-07
7.75218, 1.1317e-06
7.76838, 1.19738e-06
7.78461, 1.40167e-06
7.80087, 1.97481e-06
7.81717, 3.71992e-06
7.83351, 2.59476e-06
7.84988, 2.75073e-06
7.86629, 3.0156e-06
7.88274, 2.81872e-06
7.89922, 1.7407e-06
7.91574, 3.08286e-06
7.93229, 2.90285e-06
7.94888, 2.12437e-06
7.96551, 2.92133e-06
7.98217, 1.40408e-06
7.99887, 2.00322e-06
8.01561, 1.483e-06
8.03239, 2.95246e-06
8.0492, 3.30196e-06
8.06605, 3.28883e-06
8.08294, 2.66492e-06
8.09986, 1.31521e-06
8.11682, 1.73333e-06
8.13382, 1.59319e-06
8.15086, 1.77523e-06
8.16794, 1.80206e-06
8.18505, 2.21155e-06
8.2022, 2.1868e-06
8.21939, 2.43247e-06
8.23662, 2.5574e-06
8.25389, 3.20709e-06
8.27119, 3.39424e-06
8.28854, 4.57129e-06
8.30592, 3.44676e-06
8.32334, 3.30349e-06
8.3408, 2.61833e-06
8.3583, 3.00221e-06
8.37584, 3.48369e-06
8.39342, 5.5993e-06
8.41104, 5.50124e-06
8.4287, 5.13411e-06
8.4464, 5.37163e-06
8.46414, 2.26363e-06
8.48191, 3.25155e-06
8.49973, 2.3492e-06
8.51759, 1.27675e-06
8.53549, 1.26345e-06
8.55343, 2.04447e-06
8.5714, 4.19052e-06
8.58942, 5.23924e-06
8.60748, 5.4749e-06
8.62559, 5.55503e-06
8.64373, 5.84858e-06
8.66191, 3.18921e-06
8.68014, 3.95539e-06
8.6984, 8.12582e-06
8.71671, 1.31612e-05
8.73506, 4.35752e-06
8.75345, 7.84657e-07
8.77188, 4.40929e-07
8.79036, 5.32478e-07
8.80887, 7.73496e-07
8.82743, 8.22544e-06
8.82743, 1
10.6897, 1
10.6897, 2.67936e-06
10.7127, 6.6925e-06
10.7357, 4.81063e-06
10.7588, 2.49545e-06
10.782, 1.12304e-06
10.8052, 1.47437e-06
10.8284, 1.91711e-06
10.8517, 3.59876e-06
10.8751, 6.76271e-06
10.8986, 8.2581e-06
10.9221, 6.31219e-06
10.9456, 5.83633e-06
10.9692, 3.99234e-06
10.9929, 2.23972e-06
11.0166, 2.42285e-06
11.0404, 4.15196e-07
11.0642, 3.2789e-06
11.0881, 2.8145e-06
11.1121, 3.29065e-06
11.1361, 5.02465e-06
11.1601, 6.19774e-06
11.1843, 5.26852e-06
11.2085, 2.59101e-06
11.2327, 1.87047e-06
11.257, 1.58059e-06
11.2814, 1.18863e-06
11.3058, 2.35919e-06
11.3303, 2.17065e-06
11.3549, 1.58131e-06
11.3795, 1.58226e-06
11.4042, 8.89133e-07
11.4289, 9.42812e-07
11.4537, 6.20005e-07
11.4785, 6.10199e-07
11.5035, 2.94301e-06
11.5284, 4.3976e-06
11.5535, 3.57583e-06
11.5786, 2.54948e-06
11.6038, 7.51096e-07
11.629, 1.49831e-06
11.6543, 5.10525e-07
11.6796, 4.95413e-07
11.705, 7.22011e-07
11.7305, 2.02205e-06
11.7561, 1.54206e-06
11.7817, 3.48386e-06
11.8074, 2.47799e-06
11.8331, 3.91486e-06
11.8589, 3.30735e-06
11.8848, 9.10815e-07
11.9107, 7.04908e-07
11.9367, 6.27977e-07
11.9628, 7.86999e-07
11.9889, 6.81113e-07
12.0151, 7.65842e-07
12.0413, 1.07761e-06
12.0677, 1.91549e-06
12.0941, 3.38077e-06
12.1205, 5.18631e-06
12.1471, 5.60286e-06
12.1736, 7.31992e-06
12.2003, 3.53855e-06
12.227, 1.41763e-06
12.2538, 6.46118e-07
12.2807, 6.42178e-07
12.3076, 6.96154e-07
12.3346, 1.14499e-06
12.3617, 1.08543e-06
12.3888, 4.65767e-06
12.416, 3.99221e-06
12.4433, 2.62959e-06
12.4707, 1.62028e-06
12.4981, 9.46717e-07
12.5256, 6.56634e-07
12.5531, 5.74462e-07
12.5808, 1.27172e-06
12.6085, 9.07711e-07
12.6362, 3.73617e-06
12.6641, 3.05994e-06
12.692, 2.30946e-06
12.72, 3.11427e-06
12.748, 2.83907e-06
12.7761, 2.76271e-06
12.8043, 1.4316e-06
12.8326, 7.76495e-07
12.861, 9.26805e-07
12.8894, 2.10537e-06
12.9179, 9.69719e-07
12.9464, 2.37719e-06
12.9751, 3.06097e-06
13.0038, 3.56756e-06
13.0326, 3.75532e-06
13.0615, 2.97151e-06
13.0904, 1.77486e-06
13.1194, 1.14407e-06
13.1485, 8.82934e-07
13.1777, 9.39022e-07
13.2069, 1.43265e-06
13.2362, 1.06768e-06
13.2656, 1.09798e-06
13.2951, 1.24816e-06
13.3246, 1.89266e-06
13.3542, 1.75312e-06
13.384, 1.94051e-06
13.4137, 1.91716e-06
13.4436, 1.4496e-06
13.4735, 2.32499e-06
13.5035, 1.38118e-06
13.5336, 3.19329e-06
13.5638, 3.43839e-06
13.5941, 4.26515e-06
13.6244, 4.76755e-06
13.6548, 2.85012e-06
13.6853, 2.73935e-06
13.7159, 2.95342e-06
13.7465, 2.28207e-06
13.7773, 1.8366e-06
13.8081, 2.77189e-06
13.839, 9.93306e-07
13.8699, 7.81076e-07
13.901, 1.11516e-06
13.9321, 1.2038e-06
13.9634, 3.02421e-06
13.9947, 4.46377e-06
14.0261, 4.21551e-06
14.0576, 7.43517e-07
14.0891, 7.1448e-07
14.1208, 1.20109e-06
14.1525, 1.01612e-06
14.1843, 9.35364e-07
14.2162, 6.84639e-07
14.2482, 1.14769e-06
14.2803, 9.7466e-07
14.3124, 1.10554e-06
14.3447, 2.32897e-06
14.377, 3.13605e-06
14.4094, 3.16399e-06
14.4419, 3.54993e-06
14.4745, 4.42627e-06
14.5072, 5.04354e-06
14.54, 4.19373e-06
14.5728, 4.68286e-06
14.6058, 3.62293e-06
14.6388, 1.88217e-06
14.6719, 1.38853e-06
14.7051, 9.4979e-07
14.7384, 7.89238e-07
14.7718, 1.65233e-06
14.8053, 3.76923e-06
14.8389, 3.85586e-06
14.8726, 3.51762e-06
14.9063, 2.23706e-06
14.9402, 1.59737e-06
14.9741, 8.1739e-07
15.0082, 8.17046e-07
15.0423, 9.57375e-07
15.0765, 1.16538e-06
15.1108, 1.71604e-06
15.1452, 6.33738e-06
15.1797, 7.57961e-06
15.2143, 3.65762e-06
15.249, 3.26868e-06
15.2838, 2.41053e-06
15.3187, 5.62081e-07
15.3537, 1.19293e-06
15.3888, 1.20299e-06
15.424, 1.29157e-06
15.4592, 1.51882e-06
15.4946, 3.74622e-06
15.5301, 4.1558e-06
15.5656, 2.25482e-06
15.6013, 1.25388e-06
15.6371, 7.51975e-07
15.6729, 1.23914e-06
15.7089, 1.74258e-06
15.745, 1.9343e-06
15.7811, 2.13174e-06
15.8174, 3.31669e-06
15.8538, 3.88596e-06
15.8902, 4.87119e-06
15.9268, 1.42598e-06
15.9635, 2.66904e-06
16.0003, 9.8694e-07
16.0372, 1.00125e-06
16.0741, 5.02528e-06
16.1112, 4.62763e-06
16.1484, 4.0979e-06
16.1857, 4.06077e-06
16.2231, 3.16132e-06
16.2606, 2.1613e-06
16.2982, 1.37298e-06
16.336, 1.21996e-06
16.3738, 1.18616e-06
16.4117, 8.50198e-07
16.4498, 3.45963e-06
16.4879, 2.10806e-06
16.5262, 5.51747e-06
16.5645, 4.19109e-06
16.603, 5.15022e-06
16.6416, 4.04471e-06
16.6803, 1.62076e-06
16.7191, 1.29459e-06
16.758, 3.29345e-07
16.7971, 6.88629e-07
16.8362, 1.45719e-06
16.8755, 1.95501e-06
16.9148, 6.40282e-06
16.9543, 6.88981e-06
16.9939, 4.78305e-06
17.0336, 2.38356e-06
17.0734, 1.46754e-06
17.1134, 5.72446e-07
17.1534, 5.85218e-07
17.1936, 6.59989e-07
17.2339, 1.01164e-06
17.2743, 1.915e-06
17.3148, 5.07154e-06
17.3554, 6.64419e-06
17.3962, 6.53118e-06
17.437, 1.83469e-06
17.478, 1.3853e-06
17.5191, 6.89693e-07
17.5604, 5.11119e-07
17.6017, 9.71537e-07
17.6432, 1.52657e-06
17.6848, 4.61029e-06
17.7265, 4.7256e-06
17.7683, 5.22421e-06
17.8103, 5.50522e-06
17.8524, 5.34731e-06
17.8946, 4.53832e-06
17.9369, 3.5997e-06
17.9794, 6.40128e-07
18.022, 6.26157e-07
18.0647, 1.48908e-06
18.1075, 8.16467e-07
18.1504, 4.99157e-06
18.1935, 2.55033e-06
18.2368, 4.51319e-06
18.2801, 1.8774e-06
18.3236, 1.56666e-06
18.3672, 1.4249e-06
18.4109, 1.82519e-06
18.4548, 1.38624e-06
18.4988, 3.67244e-06
18.5429, 3.6847e-06
18.5871, 3.89805e-06
18.6315, 1.43036e-06
18.676, 1.65536e-06
18.7207, 2.43479e-06
18.7655, 2.53439e-06
18.8104, 2.65113e-06
18.8555, 9.95268e-07
18.9007, 1.15602e-06
18.946, 2.20887e-06
18.9915, 3.226e-06
19.0371, 7.09846e-06
19.0828, 4.39382e-06
19.1287, 3.4222e-06
19.1747, 3.0377e-06
19.2209, 2.10661e-06
19.2672, 1.37831e-06
19.3136, 1.27085e-06
19.3602, 2.20177e-06
19.4069, 2.53786e-06
19.4538, 3.48886e-06
19.5008, 3.19161e-06
19.548, 1.78227e-06
19.5953, 1.37002e-06
19.6427, 1.41745e-06
19.6903, 1.40877e-06
19.7381, 1.45443e-06
19.786, 2.17356e-06
19.834, 2.15244e-06
19.8822, 1.56831e-06
19.9305, 1.07172e-06
19.979, 1.26697e-06
20.0276, 1.01225e-06
20.0764, 3.20069e-06
20.1253, 3.41552e-06
20.1744, 4.19701e-06
20.2237, 4.186e-06
20.2731, 4.00133e-06
20.3226, 2.45093e-06
20.3723, 1.73952e-06
20.4222, 1.7169e-06
20.4722, 2.40319e-06
20.5224, 2.53331e-06
20.5727, 5.37097e-06
20.6232, 2.7364e-06
20.6738, 2.76808e-06
20.7246, 2.18229e-06
20.7756, 2.71519e-06
20.8267, 1.84359e-06
20.878, 1.75338e-06
20.9295, 1.77102e-06
20.9811, 2.02149e-06
21.0328, 1.66408e-06
21.0848, 3.18696e-06
21.1369, 4.56648e-06
21.1892, 4.16095e-06
21.2416, 4.24737e-06
21.2942, 4.2061e-06
21.347, 4.71235e-06
21.3999, 3.42556e-06
21.4531, 2.70724e-06
21.5063, 2.39523e-06
21.5598, 2.06383e-06
21.6134, 1.85886e-06
21.6672, 1.51077e-06
21.7212, 2.82147e-06
21.7754, 3.71876e-06
21.8297, 6.61689e-06
21.8842, 6.66246e-06
21.9389, 2.59674e-06
21.9937, 2.89714e-06
22.0488, 2.50692e-06
22.104, 2.08692e-06
22.1594, 1.06322e-06
22.215, 2.33085e-06
22.2707, 2.27404e-06
22.3267, 2.17382e-06
22.3828, 9.74667e-07
22.4391, 2.6223e-06
22.4956, 4.15725e-06
22.5523, 1.25168e-06
22.6091, 1.42406e-06
22.6662, 1.24886e-06
22.7234, 1.39776e-06
22.7809, 1.22715e-06
22.8385, 1.92167e-06
22.8963, 1.89318e-06
22.9543, 1.94578e-06
23.0125, 1.60247e-06
23.0709, 2.59035e-06
23.1295, 4.51615e-06
23.1883, 4.43791e-06
23.2473, 4.99323e-06
23.3065, 4.70883e-06
23.3658, 3.01819e-06
23.4254, 3.79533e-06
23.4852, 3.68364e-06
23.5452, 4.17274e-06
23.6054, 4.08484e-06
23.6658, 4.11993e-06
23.7264, 3.87256e-06
23.7872, 3.76054e-06
23.8482, 3.34074e-06
23.9094, 2.83628e-06
23.9708, 2.60481e-06
24.0324, 4.56093e-06
24.0943, 2.40371e-06
24.1563, 1.92622e-06
24.2186, 3.18021e-06
24.2811, 2.30111e-06
24.3438, 2.04547e-06
24.4067, 2.07745e-06
24.4698, 2.24839e-06
24.5332, 2.69158e-06
24.5967, 4.22627e-06
24.6605, 3.38678e-06
24.7245, 2.31612e-06
24.7888, 2.28965e-06
24.8532, 3.40267e-06
24.9179, 3.31149e-06
24.9828, 3.67135e-06
25.048, 4.18836e-06
25.1133, 6.20641e-06
25.1789, 5.51388e-06
25.2447, 5.44697e-06
25.3108, 4.71664e-06
25.3771, 3.67107e-06
25.4436, 9.63959e-07
25.5104, 1.21507e-06
25.5773, 1.87415e-06
25.6446, 3.19814e-06
25.7121, 4.13286e-06
25.7798, 4.40265e-06
25.8477, 8.69526e-06
25.9159, 3.65493e-06
25.9844, 3.1158e-06
26.053, 2.90221e-06
26.122, 2.74507e-06
26.1911, 1.82093e-06
26.2606, 1.83503e-06
26.3303, 1.95222e-06
26.4002, 1.71078e-06
26.4704, 4.5791e-06
26.5408, 4.78725e-06
26.6115, 4.36952e-06
26.6825, 4.75915e-06
26.7537, 1.25273e-06
26.8251, 1.10276e-06
26.8969, 1.07231e-06
26.9689, 2.1554e-06
27.0411, 2.6661e-06
27.1137, 1.85534e-06
27.1865, 6.82284e-06
27.2595, 3.94631e-06
27.3329, 4.33112e-06
27.4065, 5.44109e-06
27.4804, 5.5832e-06
27.5545, 5.39499e-06
27.6289, 4.77701e-06
27.7036, 1.59205e-06
27.7786, 3.46555e-06
27.8539, 4.03413e-06
27.9295, 2.214e-06
28.0053, 2.06285e-06
28.0814, 1.91441e-06
28.1578, 2.18417e-06
28.2345, 2.6667e-06
28.3115, 4.68082e-06
28.3888, 5.91667e-06
28.4664, 6.23071e-06
28.5442, 4.97556e-06
28.6224, 5.12662e-06
28.7009, 5.1047e-06
28.7796, 4.16417e-06
28.8587, 5.04049e-06
28.9381, 5.11726e-06
29.0178, 5.35217e-06
29.0978, 3.55758e-06
29.1781, 7.29794e-06
29.2587, 7.56076e-06
29.3396, 8.72352e-06
29.4208, 5.91042e-06
29.5024, 6.20652e-06
29.5843, 3.98887e-06
29.6665, 3.02973e-06
29.749, 2.25968e-06
29.8318, 1.88094e-06
29.915, 1.96021e-06
29.9985, 1.91271e-06
30.0823, 2.17982e-06
30.1665, 3.52055e-06
30.251, 4.17706e-06
30.3358, 3.90768e-06
30.421, 8.3063e-06
30.5065, 4.95826e-06
30.5923, 4.22817e-06
30.6785, 2.60502e-06
30.7651, 2.11034e-06
30.852, 2.47585e-06
30.9392, 2.21628e-06
31.0268, 1.4472e-06
31.1148, 3.26328e-06
31.2031, 3.9927e-06
31.2918, 5.22876e-06
31.3808, 1.27857e-05
31.4702, 8.96379e-06
31.56, 2.23344e-06
31.6502, 2.12323e-06
31.7407, 1.63937e-06
31.8316, 1.60407e-06
31.9228, 1.51508e-06
32.0145, 1.70255e-06
32.1065, 2.0743e-06
32.1989, 3.12255e-06
32.2917, 5.74864e-06
32.3849, 7.25481e-06
32.4785, 7.42996e-06
32.5725, 6.75409e-06
32.6668, 1.77931e-06
32.7616, 2.12418e-06
32.8568, 3.67769e-06
32.9523, 4.73375e-06
33.0483, 7.00286e-06
33.1447, 7.19162e-06
33.2415, 6.0527e-06
33.3388, 5.89497e-06
33.4364, 3.46452e-06
33.5345, 1.26473e-06
33.633, 1.12859e-06
33.7319, 2.44114e-06
33.8312, 2.71541e-06
33.931, 2.84714e-06
34.0312, 5.89409e-06
34.1319, 6.35746e-06
34.233, 4.71756e-06
34.3345, 4.58914e-06
34.4365, 3.71896e-06
34.539, 2.94967e-06
34.6419, 3.26314e-06
34.7453, 6.16437e-06
34.8491, 7.20876e-06
34.9534, 1.06345e-05
35.0581, 6.40858e-06
35.1634, 5.08756e-06
35.2691, 2.52849e-06
35.3752, 6.59803e-06
35.4819, 5.50366e-06
35.5891, 3.14668e-06
35.6967, 5.98989e-06
35.8048, 7.85789e-06
35.9135, 9.53014e-06
36.0226, 1.18224e-05
36.1322, 9.50924e-06
36.2424, 4.75193e-06
36.353, 5.05712e-06
36.4642, 3.55781e-06
36.5759, 3.13745e-06
36.6881, 6.4141e-06
36.8008, 3.53442e-06
36.9141, 4.38749e-06
37.0279, 7.74389e-06
37.1423, 5.4784e-06
37.2572, 6.23063e-06
37.3726, 4.05188e-06
37.4886, 3.03655e-06
37.6051, 4.61688e-06
37.7223, 1.28533e-05
37.8399, 1.06516e-05
37.9582, 6.80934e-06
38.077, 8.71601e-06
38.1964, 8.81378e-06
38.3164, 1.76511e-06
38.437, 1.87402e-06
38.5581, 4.61881e-06
38.6799, 5.77239e-06
38.8023, 7.97237e-06
38.9252, 4.98431e-06
39.0488, 3.77258e-06
39.173, 2.57871e-06
39.2979, 3.23024e-06
39.4233, 2.43391e-06
39.5494, 3.20453e-06
39.6761, 3.56191e-06
39.8035, 3.55497e-06
39.9315, 2.81787e-06
40.0602, 2.30271e-06
40.1896, 2.5104e-06
40.3196, 3.47621e-06
40.4503, 3.66644e-06
40.5816, 1.57745e-05
40.7137, 1.50091e-05
40.8464, 1.08145e-05
40.9799, 2.66265e-06
41.114, 5.48304e-06
41.2489, 4.76336e-06
41.3844, 4.86653e-06
41.5207, 8.15867e-06
41.6577, 7.91562e-06
41.7955, 8.65328e-06
41.934, 6.39e-06
42.0732, 6.03345e-06
42.2132, 3.96851e-06
42.354, 7.11608e-06
42.4955, 8.24568e-06
42.6378, 8.22659e-06
42.7809, 7.733e-06
42.9248, 6.59103e-06
43.0695, 5.475e-06
43.215, 4.44872e-06
43.3613, 4.0433e-06
43.5084, 3.82657e-06
43.6564, 3.69696e-06
43.8052, 3.6817e-06
43.9548, 9.25786e-06
44.1053, 4.8317e-06
44.2567, 8.49982e-06
44.409, 9.40913e-06
44.5621, 8.07368e-06
44.7161, 4.33718e-06
44.871, 3.76205e-06
45.0268, 2.11997e-06
45.1835, 4.51023e-06
45.3412, 4.95601e-06
45.4998, 1.54268e-05
45.6593, 1.24618e-05
45.8198, 1.23992e-05
45.9813, 1.12917e-05
46.1437, 8.06945e-06
46.3072, 5.98548e-06
46.4716, 7.53414e-06
46.637, 6.75557e-06
46.8035, 6.1817e-06
46.9709, 5.76696e-06
47.1394, 4.94581e-06
47.309, 4.81406e-06
47.4796, 5.21378e-06
47.6514, 6.18338e-06
47.8241, 1.0406e-05
47.998, 5.90868e-06
48.173, 5.05125e-06
48.3492, 6.50458e-06
48.5264, 4.98999e-06
48.7049, 9.68515e-06
48.8844, 6.02871e-06
49.0652, 5.94358e-06
49.2471, 4.80466e-06
49.4303, 4.38372e-06
49.6147, 3.29328e-06
49.8003, 4.99353e-06
49.9871, 5.37481e-06
50.1752, 6.91522e-06
50.3646, 7.24291e-06
50.5553, 6.80378e-06
50.7473, 5.5826e-06
50.9406, 5.18596e-06
51.1353, 5.26359e-06
51.3313, 5.88263e-06
51.5287, 7.21295e-06
51.7275, 1.28097e-05
51.9277, 1.48276e-05
52.1294, 1.52829e-05
52.3325, 1.48755e-05
52.537, 1.36467e-05
52.743, 1.22646e-05
52.9506, 6.10275e-06
53.1597, 6.66769e-06
53.3703, 5.55447e-06
53.5825, 5.09047e-06
53.7962, 4.61159e-06
54.0116, 4.65356e-06
54.2286, 4.36075e-06
54.4473, 4.56428e-06
54.6676, 3.88137e-06
54.8896, 4.20122e-06
55.1134, 4.64825e-06
55.3389, 9.90108e-06
55.5662, 1.22469e-05
55.7953, 1.29192e-05
56.0262, 1.0966e-05
56.259, 6.75215e-06
56.4936, 1.26405e-05
56.7301, 1.47006e-05
56.9686, 1.63838e-05
57.2091, 1.67189e-05
57.4515, 1.85369e-05
57.696, 1.09314e-05
57.9425, 8.57232e-06
58.1911, 8.65316e-06
58.4418, 7.78716e-06
58.6947, 8.10576e-06
58.9498, 9.04971e-06
59.2071, 1.18156e-05
59.4667, 8.41845e-06
59.7285, 7.54753e-06
59.9927, 7.19784e-06
60.2592, 7.65978e-06
60.5282, 5.87568e-06
60.7996, 8.63433e-06
61.0735, 1.03448e-05
61.35, 1.26665e-05
61.629, 1.39439e-05
61.9107, 1.39701e-05
62.195, 2.08176e-05
62.482, 1.73716e-05
62.7718, 1.40331e-05
63.0644, 1.45919e-05
63.3599, 4.87698e-06
63.6583, 5.58945e-06
63.9597, 9.00587e-06
64.2641, 9.17483e-06
64.5716, 1.37909e-05
64.8822, 1.96971e-05
65.1961, 2.1527e-05
65.5132, 1.49784e-05
65.8336, 1.30467e-05
66.1574, 1.67192e-05
66.4847, 1.31597e-05
66.8155, 8.01714e-06
67.1499, 3.05511e-06
67.488, 9.99102e-06
67.8299, 2.06148e-05
68.1756, 2.61535e-05
68.5252, 3.05161e-05
68.8788, 1.0966e-05
69.2364, 6.21026e-06
69.5983, 5.40537e-06
69.5983, 1
